{
    "train": {
        "accuracy": 9.27685749928197,
        "loss": 0.8379992375034817
    },
    "val": {
        "accuracy": 9.136286711028886,
        "loss": 0.16826003624665553
    },
    "step": 9
}
