step	accuracy
0	0.5213388707023372
1	1.0765031823497835
2	2.577060249300785
3	3.6724566290709824
4	4.307336742327998
5	5.326459828339656
6	6.896635929801345
7	7.442908115825613
8	8.22988441460113
9	9.27685749928197
